-- phpMyAdmin SQL Dump
-- version 5.0.3
-- https://www.phpmyadmin.net/
--
-- Host: 127.0.0.1
-- Waktu pembuatan: 17 Jun 2021 pada 18.20
-- Versi server: 10.4.14-MariaDB
-- Versi PHP: 7.4.11

SET SQL_MODE = "NO_AUTO_VALUE_ON_ZERO";
START TRANSACTION;
SET time_zone = "+00:00";


/*!40101 SET @OLD_CHARACTER_SET_CLIENT=@@CHARACTER_SET_CLIENT */;
/*!40101 SET @OLD_CHARACTER_SET_RESULTS=@@CHARACTER_SET_RESULTS */;
/*!40101 SET @OLD_COLLATION_CONNECTION=@@COLLATION_CONNECTION */;
/*!40101 SET NAMES utf8mb4 */;

--
-- Database: `db_toko`
--

-- --------------------------------------------------------

--
-- Struktur dari tabel `tbl_detail_order`
--

CREATE TABLE `tbl_detail_order` (
  `id` int(10) UNSIGNED NOT NULL,
  `order_id` int(10) DEFAULT NULL,
  `produk` int(10) DEFAULT NULL,
  `qty` int(10) DEFAULT NULL,
  `harga` varchar(20) DEFAULT NULL
) ENGINE=InnoDB DEFAULT CHARSET=latin1;

--
-- Dumping data untuk tabel `tbl_detail_order`
--

INSERT INTO `tbl_detail_order` (`id`, `order_id`, `produk`, `qty`, `harga`) VALUES
(1, 1, 1, 2, '3500000'),
(2, 2, 7, 2, '2699000'),
(3, 2, 2, 1, '6299000');

-- --------------------------------------------------------

--
-- Struktur dari tabel `tbl_kategori`
--

CREATE TABLE `tbl_kategori` (
  `id` int(10) UNSIGNED NOT NULL,
  `nama_kategori` varchar(30) DEFAULT NULL
) ENGINE=InnoDB DEFAULT CHARSET=latin1;

--
-- Dumping data untuk tabel `tbl_kategori`
--

INSERT INTO `tbl_kategori` (`id`, `nama_kategori`) VALUES
(1, 'Laptop'),
(2, 'Smartphone'),
(3, 'Televisi');

-- --------------------------------------------------------

--
-- Struktur dari tabel `tbl_order`
--

CREATE TABLE `tbl_order` (
  `id` int(10) NOT NULL,
  `tanggal` date DEFAULT NULL,
  `pelanggan` int(10) DEFAULT NULL
) ENGINE=InnoDB DEFAULT CHARSET=latin1;

--
-- Dumping data untuk tabel `tbl_order`
--

INSERT INTO `tbl_order` (`id`, `tanggal`, `pelanggan`) VALUES
(1, '2021-06-16', 1),
(2, '2021-06-17', 2);

-- --------------------------------------------------------

--
-- Struktur dari tabel `tbl_pelanggan`
--

CREATE TABLE `tbl_pelanggan` (
  `id` int(10) UNSIGNED NOT NULL,
  `nama` varchar(50) DEFAULT NULL,
  `email` varchar(50) DEFAULT NULL,
  `alamat` varchar(50) DEFAULT NULL,
  `telp` varchar(20) DEFAULT NULL
) ENGINE=InnoDB DEFAULT CHARSET=latin1;

--
-- Dumping data untuk tabel `tbl_pelanggan`
--

INSERT INTO `tbl_pelanggan` (`id`, `nama`, `email`, `alamat`, `telp`) VALUES
(1, 'evelyn 2', 'marsella.eve@gmail.com', 'jl kekinian', '03123239584'),
(2, 'evelyn 2', 'marsella.eve@gmail.com', 'jl kekinian', '03123239584');

-- --------------------------------------------------------

--
-- Struktur dari tabel `tbl_produk`
--

CREATE TABLE `tbl_produk` (
  `id_produk` int(10) UNSIGNED NOT NULL,
  `nama_produk` varchar(50) DEFAULT NULL,
  `deskripsi` varchar(50) DEFAULT NULL,
  `harga` varchar(10) DEFAULT NULL,
  `gambar` varchar(50) DEFAULT NULL,
  `kategori` int(10) DEFAULT NULL
) ENGINE=InnoDB DEFAULT CHARSET=latin1;

--
-- Dumping data untuk tabel `tbl_produk`
--

INSERT INTO `tbl_produk` (`id_produk`, `nama_produk`, `deskripsi`, `harga`, `gambar`, `kategori`) VALUES
(1, 'ASUS - VIVOBOOK A516JA-HD3121 INTEL CORE I3-1005G1', 'Processor Intel Core i3-1005G1', '7699000', 'laptop1.jpg', 1),
(2, 'ACER - SWIFT 1 SF114-34-P3ZB SILVER', 'FREE ACER DAY SLEEVE CASE BLUE HADIAH', '6299000', 'laptop2.jpg', 1),
(3, 'LENOVO - IDEAPAD SLIM 3I-14IGL05 N4020', 'FREE TARGUS - WIRELESS MOUSE AMW605 BLACK', '4899000', 'laptop3.jpg', 1),
(4, 'Iphone X', 'Ready Silver, Gold, White', '10000000', 'hp1.jpg', 2),
(5, 'Iphone X Pro', 'Ready Silver, Gold, White', '11500000', 'hp2.jpg', 2),
(6, 'Iphone X Plus', 'Ready Silver, Gold, White', '15100000', 'hp3.jpg', 2),
(7, 'LG Monitor 27\" UHD', 'IPS Full HD 3 Side Borderless 27\"', '2699000', 'robot1.jpg', 3),
(8, 'SAMSUNG - 23,5\" LED', 'Samsung MagicBright', '1549000', 'robot2.jpg', 3),
(9, 'LG - 34\" Ultrawide', 'Gaming Monitor', '6749000', 'robot3.jpg', 3);

-- --------------------------------------------------------

--
-- Struktur dari tabel `users`
--

CREATE TABLE `users` (
  `user_id` int(11) NOT NULL,
  `username` varchar(64) NOT NULL,
  `password` varchar(255) NOT NULL,
  `email` varchar(255) NOT NULL,
  `full_name` varchar(255) NOT NULL,
  `phone` varchar(20) NOT NULL,
  `role` enum('admin','customer') NOT NULL DEFAULT 'customer',
  `last_login` timestamp NOT NULL DEFAULT current_timestamp(),
  `photo` varchar(64) NOT NULL DEFAULT 'user_no_image.jpg',
  `created_at` timestamp NOT NULL DEFAULT current_timestamp(),
  `is_active` tinyint(1) NOT NULL DEFAULT 0
) ENGINE=InnoDB DEFAULT CHARSET=utf8mb4;

--
-- Dumping data untuk tabel `users`
--

INSERT INTO `users` (`user_id`, `username`, `password`, `email`, `full_name`, `phone`, `role`, `last_login`, `photo`, `created_at`, `is_active`) VALUES
(1, 'evelyn', 'evelyn', 'marsella.eve@gmail.com', 'evelyn', '03123232194', 'admin', '2021-06-17 16:12:02', 'user_no_image.jpg', '2021-06-17 14:21:02', 0),
(2, 'amel', 'amel', 'amel@gmail.com', 'amel', '023232123123', 'customer', '2021-06-17 15:44:44', 'user_no_image.jpg', '2021-06-17 15:44:44', 0),
(3, 'iqbaal', 'iqbaal', 'iqbaal@yahoo.com', 'iqbaal', '023232123123', 'customer', '2021-06-17 16:13:38', 'user_no_image.jpg', '2021-06-17 16:13:31', 0);

--
-- Indexes for dumped tables
--

--
-- Indeks untuk tabel `tbl_detail_order`
--
ALTER TABLE `tbl_detail_order`
  ADD PRIMARY KEY (`id`);

--
-- Indeks untuk tabel `tbl_kategori`
--
ALTER TABLE `tbl_kategori`
  ADD PRIMARY KEY (`id`);

--
-- Indeks untuk tabel `tbl_order`
--
ALTER TABLE `tbl_order`
  ADD PRIMARY KEY (`id`);

--
-- Indeks untuk tabel `tbl_pelanggan`
--
ALTER TABLE `tbl_pelanggan`
  ADD PRIMARY KEY (`id`);

--
-- Indeks untuk tabel `tbl_produk`
--
ALTER TABLE `tbl_produk`
  ADD PRIMARY KEY (`id_produk`);

--
-- Indeks untuk tabel `users`
--
ALTER TABLE `users`
  ADD PRIMARY KEY (`user_id`);

--
-- AUTO_INCREMENT untuk tabel yang dibuang
--

--
-- AUTO_INCREMENT untuk tabel `tbl_detail_order`
--
ALTER TABLE `tbl_detail_order`
  MODIFY `id` int(10) UNSIGNED NOT NULL AUTO_INCREMENT, AUTO_INCREMENT=4;

--
-- AUTO_INCREMENT untuk tabel `tbl_kategori`
--
ALTER TABLE `tbl_kategori`
  MODIFY `id` int(10) UNSIGNED NOT NULL AUTO_INCREMENT, AUTO_INCREMENT=4;

--
-- AUTO_INCREMENT untuk tabel `tbl_order`
--
ALTER TABLE `tbl_order`
  MODIFY `id` int(10) NOT NULL AUTO_INCREMENT, AUTO_INCREMENT=3;

--
-- AUTO_INCREMENT untuk tabel `tbl_pelanggan`
--
ALTER TABLE `tbl_pelanggan`
  MODIFY `id` int(10) UNSIGNED NOT NULL AUTO_INCREMENT, AUTO_INCREMENT=3;

--
-- AUTO_INCREMENT untuk tabel `tbl_produk`
--
ALTER TABLE `tbl_produk`
  MODIFY `id_produk` int(10) UNSIGNED NOT NULL AUTO_INCREMENT, AUTO_INCREMENT=10;

--
-- AUTO_INCREMENT untuk tabel `users`
--
ALTER TABLE `users`
  MODIFY `user_id` int(11) NOT NULL AUTO_INCREMENT, AUTO_INCREMENT=4;
COMMIT;

/*!40101 SET CHARACTER_SET_CLIENT=@OLD_CHARACTER_SET_CLIENT */;
/*!40101 SET CHARACTER_SET_RESULTS=@OLD_CHARACTER_SET_RESULTS */;
/*!40101 SET COLLATION_CONNECTION=@OLD_COLLATION_CONNECTION */;
